gender,ethnicity,parental_education,lunch,test_preparation_course,pass/fail_math,math_score,pass/fail_reading,reading_score,pass/fail_writing,writing_score,failed_courses,midterm_results,average_grade
0,M,A,high school,standard,yes,passed,67,passed,67,passed,63,good standing,good standing,65.67
1,F,D,no high school,reduced,no,failed,40,failed,59,failed,55,math/reading,summer school,51.33
2,M,E,high school,reduced,no,failed,59,passed,60,failed,50,math/writing,summer school,56.33
3,M,B,high school,standard,no,passed,77,passed,78,passed,68,good standing,good standing,74.33
4,M,E,associate,standard,yes,passed,78,passed,73,passed,68,good standing,good standing,73.0
5,F,D,high school,standard,no,passed,63,passed,77,passed,76,good standing,good standing,72.0
6,F,A,bachelor,standard,no,passed,62,failed,59,passed,63,reading,summer school,61.33
7,M,E,high school,standard,yes,passed,93,passed,88,passed,84,good standing,good standing,88.33
8,M,D,high school,standard,no,passed,63,failed,56,passed,65,reading,summer school,61.33
9,M,C,high school,reduced,no,failed,47,failed,42,failed,45,math/reading,summer school,44.67
10,M,E,high school,standard,yes,passed,99,passed,83,passed,85,good standing,good standing,89.0
11,F,D,high school,standard,yes,passed,80,passed,87,passed,90,good standing,good standing,85.67
12,M,D,associate,standard,yes,passed,77,passed,87,passed,85,good standing,good standing,83.0
13,M,C,high school,standard,yes,passed,74,passed,74,passed,73,good standing,good standing,73.67
14,M,E,no high school,standard,yes,passed,81,passed,87,passed,85,good standing,good standing,84.33
15,M,E,associate,reduced,no,passed,69,passed,61,failed,57,writing,summer school,62.33
16,M,B,high school,standard,no,failed,58,failed,47,failed,42,math/reading,summer school,49.0
17,F,C,associate,standard,yes,failed,54,passed,62,passed,65,math,summer school,60.33
18,F,C,associate,reduced,no,failed,23,failed,44,failed,44,math/reading,summer school,37.0
19,M,C,high school,reduced,no,failed,39,failed,32,failed,31,math/reading,summer school,34.0
20,F,C,associate,standard,no,passed,83,passed,76,passed,88,good standing,good standing,82.33
21,M,C,associate,standard,no,failed,58,failed,52,failed,55,math/reading,summer school,55.0
22,M,B,high school,standard,yes,passed,71,passed,69,passed,73,good standing,good standing,71.0
23,F,B,high school,reduced,no,failed,44,failed,55,failed,54,math/reading,summer school,51.0
24,M,E,no high school,reduced,no,failed,46,failed,38,failed,32,math/reading,summer school,38.67
25,M,C,high school,reduced,no,failed,51,failed,45,failed,42,math/reading,summer school,46.0
26,F,C,no high school,standard,no,failed,53,passed,60,failed,56,math/writing,summer school,56.33
27,M,E,high school,standard,no,passed,71,passed,68,passed,60,good standing,good standing,66.33
28,F,B,high school,standard,yes,passed,74,passed,89,passed,89,good standing,good standing,84.0
29,F,A,no high school,reduced,no,failed,33,failed,54,failed,51,math/reading,summer school,46.0
30,M,B,high school,standard,no,passed,87,passed,79,passed,77,good standing,good standing,81.0
31,M,A,bachelor,reduced,no,passed,78,passed,74,passed,73,good standing,good standing,75.0
32,M,A,no high school,reduced,yes,failed,40,failed,41,failed,39,math/reading,summer school,40.0
33,F,B,associate,standard,yes,passed,65,passed,65,passed,71,good standing,good standing,67.0
34,F,B,bachelor,standard,yes,passed,79,passed,88,passed,89,good standing,good standing,85.33
35,F,A,bachelor,standard,no,passed,68,passed,74,passed,74,good standing,good standing,72.0
36,F,C,high school,standard,yes,failed,57,passed,77,passed,75,math,summer school,69.67
37,M,B,high school,reduced,no,passed,67,passed,65,failed,54,writing,summer school,62.0
38,F,B,high school,reduced,yes,failed,58,passed,68,passed,73,math,summer school,66.33
39,M,E,associate,standard,no,passed,98,passed,81,passed,77,good standing,good standing,85.33
40,F,B,master,reduced,no,failed,54,passed,75,passed,72,math,summer school,67.0
41,M,D,high school,standard,no,passed,77,passed,67,passed,64,good standing,good standing,69.33
42,M,E,high school,standard,yes,passed,87,passed,79,passed,82,good standing,good standing,82.67
43,F,C,master,standard,no,failed,58,passed,70,passed,70,math,summer school,66.0
44,M,E,high school,standard,no,passed,100,passed,88,passed,87,good standing,good standing,91.67
45,M,C,bachelor,standard,no,passed,60,failed,46,failed,51,reading/writing,summer school,52.33
46,M,C,associate,reduced,no,passed,64,passed,63,failed,57,writing,summer school,61.33
47,F,E,no high school,standard,yes,passed,65,passed,76,passed,78,good standing,good standing,73.0
48,F,D,high school,standard,no,passed,68,passed,72,passed,73,good standing,good standing,71.0
49,M,C,associate,reduced,yes,passed,60,passed,63,failed,57,writing,summer school,60.0
50,M,D,high school,standard,no,passed,65,passed,68,passed,64,good standing,good standing,65.67
51,F,C,no high school,reduced,no,failed,52,failed,58,passed,60,math/reading,summer school,56.67
52,F,C,associate,standard,no,passed,74,passed,81,passed,85,good standing,good standing,80.0
53,F,C,high school,reduced,no,failed,36,failed,53,failed,49,math/reading,summer school,46.0
54,M,D,high school,reduced,no,failed,57,failed,57,failed,47,math/reading,summer school,53.67
55,F,C,high school,standard,yes,failed,56,passed,60,passed,62,math,summer school,59.33
56,F,C,bachelor,standard,yes,passed,67,passed,80,passed,84,good standing,good standing,77.0
57,M,D,associate,standard,yes,passed,88,passed,87,passed,83,good standing,good standing,86.0
58,F,D,high school,reduced,no,failed,42,passed,61,failed,51,math/writing,summer school,51.33
59,M,E,no high school,standard,no,passed,68,failed,51,failed,48,reading/writing,summer school,55.67
60,M,D,high school,reduced,no,passed,76,passed,66,passed,68,good standing,good standing,70.0
61,F,E,no high school,standard,no,failed,58,passed,63,failed,59,math/writing,summer school,60.0
62,M,E,no high school,standard,yes,passed,69,passed,67,passed,62,good standing,good standing,66.0
63,M,A,bachelor,standard,yes,passed,77,passed,82,passed,78,good standing,good standing,79.0
64,M,D,master,standard,yes,passed,83,passed,93,passed,97,good standing,good standing,91.0
65,F,C,no high school,reduced,yes,failed,49,passed,74,passed,70,math,summer school,64.33
66,M,C,high school,standard,no,passed,71,passed,60,failed,56,writing,summer school,62.33
67,F,D,no high school,reduced,no,failed,47,failed,46,failed,49,math/reading,summer school,47.33
68,M,B,high school,standard,no,passed,79,passed,64,passed,60,good standing,good standing,67.67
69,F,C,high school,standard,no,passed,60,passed,64,failed,57,writing,summer school,60.33
70,F,C,associate,standard,yes,failed,56,passed,68,passed,73,math,summer school,65.67
71,M,C,associate,standard,no,failed,57,failed,52,failed,47,math/reading,summer school,52.0
72,F,B,high school,standard,no,failed,49,passed,70,passed,63,math,summer school,60.67
73,F,C,no high school,standard,yes,passed,79,passed,76,passed,81,good standing,good standing,78.67
74,M,B,master,reduced,no,passed,71,passed,76,passed,67,good standing,good standing,71.33
75,F,C,high school,standard,no,passed,71,passed,77,passed,70,good standing,good standing,72.67
76,F,C,high school,standard,no,failed,47,passed,63,failed,59,math/writing,summer school,56.33
77,F,D,high school,reduced,no,passed,72,passed,91,passed,81,good standing,good standing,81.33
78,M,C,associate,standard,no,passed,78,passed,73,passed,76,good standing,good standing,75.67
79,M,D,no high school,standard,no,failed,54,failed,43,failed,45,math/reading,summer school,47.33
80,F,B,bachelor,standard,no,failed,46,failed,59,passed,62,math/reading,summer school,55.67
81,F,D,no high school,reduced,no,failed,31,failed,38,failed,42,math/reading,summer school,37.0
82,F,C,associate,reduced,no,failed,51,failed,59,failed,59,math/reading,summer school,56.33
83,M,B,high school,standard,yes,passed,78,passed,76,passed,73,good standing,good standing,75.67
84,F,B,associate,reduced,no,failed,32,failed,41,failed,39,math/reading,summer school,37.33
85,F,C,no high school,standard,no,failed,53,passed,71,passed,69,math,summer school,64.33
86,F,C,high school,reduced,no,passed,63,passed,76,passed,69,good standing,good standing,69.33
87,M,D,high school,standard,no,passed,97,passed,93,passed,88,good standing,good standing,92.67
88,F,D,high school,standard,no,failed,56,failed,52,passed,61,math/reading,summer school,56.33
89,M,B,high school,standard,no,passed,72,passed,76,passed,72,good standing,good standing,73.33
90,M,C,high school,reduced,no,failed,57,failed,47,failed,42,math/reading,summer school,48.67
91,M,B,no high school,standard,no,passed,74,passed,71,passed,70,good standing,good standing,71.67
92,F,D,master,standard,no,passed,81,passed,81,passed,87,good standing,good standing,83.0
93,M,D,bachelor,standard,yes,passed,94,passed,87,passed,93,good standing,good standing,91.33
94,M,B,master,reduced,no,passed,81,passed,73,passed,72,good standing,good standing,75.33
95,F,C,high school,standard,yes,failed,58,passed,63,passed,67,math,summer school,62.67
96,F,E,associate,standard,yes,passed,95,passed,100,passed,100,good standing,good standing,98.33
97,M,B,high school,reduced,no,failed,45,failed,52,failed,49,math/reading,summer school,48.67
98,M,A,high school,standard,no,passed,63,failed,50,failed,49,reading/writing,summer school,54.0
99,M,B,associate,standard,no,passed,60,failed,54,failed,53,reading/writing,summer school,55.67
100,M,C,high school,reduced,yes,failed,54,passed,61,passed,62,math,summer school,59.0
101,M,C,high school,standard,yes,passed,75,passed,78,passed,79,good standing,good standing,77.33
102,M,E,high school,standard,no,passed,79,passed,78,passed,77,good standing,good standing,78.0
103,M,D,high school,standard,no,passed,66,passed,67,passed,67,good standing,good standing,66.67
104,F,B,high school,standard,no,failed,47,failed,58,failed,58,math/reading,summer school,54.33
105,F,D,bachelor,standard,no,passed,70,passed,78,passed,82,good standing,good standing,76.67
106,M,D,high school,standard,no,passed,82,passed,74,passed,73,good standing,good standing,76.33
107,M,A,bachelor,standard,no,failed,56,failed,38,failed,44,math/reading,summer school,46.0
108,M,B,associate,standard,no,passed,92,passed,78,passed,71,good standing,good standing,80.33
109,M,C,high school,reduced,no,failed,30,failed,33,failed,33,math/reading,summer school,32.0
110,F,C,high school,standard,yes,passed,79,passed,88,passed,86,good standing,good standing,84.33
111,F,D,no high school,standard,no,failed,41,failed,52,failed,47,math/reading,summer school,46.67
112,F,C,master,standard,no,passed,63,passed,82,passed,71,good standing,good standing,72.0
113,M,A,bachelor,reduced,no,failed,43,failed,34,failed,33,math/reading,summer school,36.67
114,M,D,high school,standard,no,passed,77,passed,76,passed,74,good standing,good standing,75.67
115,M,B,associate,standard,yes,passed,76,passed,79,passed,76,good standing,good standing,77.0
116,F,E,high school,reduced,no,failed,49,passed,61,passed,63,math,summer school,57.67
117,M,C,associate,standard,yes,failed,59,failed,57,failed,55,math/reading,summer school,57.0
118,M,B,bachelor,reduced,no,failed,59,passed,70,failed,58,math/writing,summer school,62.33
119,F,D,no high school,standard,yes,passed,76,passed,90,passed,87,good standing,good standing,84.33
120,F,C,high school,standard,yes,failed,55,passed,71,passed,71,math,summer school,65.67
121,F,D,bachelor,standard,yes,passed,78,passed,87,passed,89,good standing,good standing,84.67
122,F,C,bachelor,standard,yes,failed,51,failed,53,passed,62,math/reading,summer school,55.33
123,F,C,no high school,standard,yes,failed,41,failed,43,failed,45,math/reading,summer school,43.0
124,F,D,associate,standard,no,passed,74,passed,78,passed,86,good standing,good standing,79.33
125,M,C,master,standard,no,passed,62,failed,54,failed,58,reading/writing,summer school,58.0
126,M,D,associate,standard,no,passed,77,passed,71,passed,64,good standing,good standing,70.67
127,M,C,no high school,standard,no,failed,45,failed,52,failed,45,math/reading,summer school,47.33
128,M,E,high school,standard,yes,passed,100,passed,84,passed,87,good standing,good standing,90.33
129,F,D,associate,reduced,yes,passed,83,passed,95,passed,100,good standing,good standing,92.67
130,F,E,associate,reduced,yes,passed,77,passed,75,passed,82,good standing,good standing,78.0
131,M,C,high school,standard,yes,passed,66,passed,70,passed,64,good standing,good standing,66.67
132,M,B,high school,standard,no,passed,65,passed,63,failed,57,writing,summer school,61.67
133,M,D,associate,standard,no,passed,62,failed,55,failed,56,reading/writing,summer school,57.67
134,M,E,high school,standard,no,failed,55,failed,54,failed,54,math/reading,summer school,54.33
135,M,C,no high school,reduced,no,passed,73,passed,78,passed,69,good standing,good standing,73.33
136,M,A,high school,standard,yes,passed,73,passed,81,passed,76,good standing,good standing,76.67
137,F,B,associate,standard,yes,failed,48,passed,66,passed,68,math,summer school,60.67
138,M,D,high school,reduced,no,failed,52,failed,44,failed,49,math/reading,summer school,48.33
139,F,C,no high school,reduced,no,passed,60,passed,72,passed,64,good standing,good standing,65.33
140,M,B,associate,reduced,no,passed,68,passed,63,failed,57,writing,summer school,62.67
141,F,D,high school,reduced,no,passed,65,passed,77,passed,83,good standing,good standing,75.0
142,F,D,bachelor,standard,no,passed,86,passed,83,passed,87,good standing,good standing,85.33
143,F,B,associate,standard,no,failed,55,passed,62,passed,60,math,summer school,59.0
144,M,B,master,standard,yes,passed,80,passed,71,passed,68,good standing,good standing,73.0
145,F,B,high school,reduced,no,failed,51,failed,57,failed,57,math/reading,summer school,55.0
146,F,B,no high school,standard,yes,passed,63,passed,61,passed,66,good standing,good standing,63.33
147,M,E,high school,standard,no,passed,60,failed,55,failed,46,reading/writing,summer school,53.67
148,F,E,bachelor,standard,yes,passed,100,passed,100,passed,100,good standing,good standing,100.0
149,M,A,associate,reduced,no,failed,46,failed,44,failed,44,math/reading,summer school,44.67
150,F,C,high school,standard,yes,passed,67,passed,78,passed,80,good standing,good standing,75.0
151,F,C,high school,reduced,no,failed,54,passed,67,failed,59,math/writing,summer school,60.0
152,F,B,associate,standard,no,passed,63,passed,79,passed,76,good standing,good standing,72.67
153,M,D,bachelor,standard,no,passed,68,passed,66,passed,73,good standing,good standing,69.0
154,F,C,associate,reduced,no,failed,54,passed,63,failed,58,math/writing,summer school,58.33
155,F,C,high school,standard,no,failed,43,failed,44,failed,47,math/reading,summer school,44.67
156,M,B,high school,reduced,no,passed,64,passed,64,failed,59,writing,summer school,62.33
157,F,E,associate,reduced,no,passed,92,passed,87,passed,87,good standing,good standing,88.67
158,F,D,associate,reduced,no,passed,82,passed,95,passed,93,good standing,good standing,90.0
159,M,E,no high school,reduced,no,passed,84,passed,78,passed,79,good standing,good standing,80.33
160,F,D,associate,standard,yes,passed,84,passed,98,passed,97,good standing,good standing,93.0
161,M,D,associate,reduced,no,passed,65,passed,63,passed,65,good standing,good standing,64.33
162,F,C,bachelor,standard,no,passed,83,passed,92,passed,91,good standing,good standing,88.67
163,F,B,no high school,standard,yes,passed,70,passed,75,passed,75,good standing,good standing,73.33
164,M,A,bachelor,standard,yes,passed,66,passed,72,passed,70,good standing,good standing,69.33
165,F,D,bachelor,standard,yes,passed,71,passed,87,passed,92,good standing,good standing,83.33
166,M,B,bachelor,standard,no,passed,66,passed,64,failed,58,writing,summer school,62.67
167,F,B,no high school,standard,yes,failed,57,passed,64,passed,68,math,summer school,63.0
168,F,C,master,standard,no,passed,86,passed,90,passed,93,good standing,good standing,89.67
169,F,A,high school,standard,no,passed,80,passed,85,passed,83,good standing,good standing,82.67
170,F,B,high school,standard,no,passed,62,passed,60,failed,59,writing,summer school,60.33
171,F,D,high school,standard,no,passed,71,passed,71,passed,76,good standing,good standing,72.67
172,F,C,high school,reduced,yes,failed,57,passed,66,passed,71,math,summer school,64.67
173,M,A,no high school,reduced,yes,passed,69,passed,64,passed,62,good standing,good standing,65.0
174,M,B,high school,standard,yes,passed,83,passed,74,passed,72,good standing,good standing,76.33
175,F,D,high school,reduced,no,failed,50,failed,56,passed,60,math/reading,summer school,55.33
176,F,C,bachelor,standard,no,failed,55,failed,56,failed,56,math/reading,summer school,55.67
177,M,B,no high school,reduced,no,failed,55,failed,53,failed,51,math/reading,summer school,53.0
178,F,D,high school,reduced,yes,passed,83,passed,93,passed,95,good standing,good standing,90.33
179,M,D,high school,standard,yes,passed,89,passed,87,passed,86,good standing,good standing,87.33
180,F,D,no high school,standard,no,failed,51,passed,62,passed,64,math,summer school,59.0
181,F,C,high school,standard,no,failed,48,failed,52,failed,49,math/reading,summer school,49.67
182,F,E,bachelor,standard,no,passed,84,passed,95,passed,89,good standing,good standing,89.33
183,F,C,associate,standard,no,passed,69,passed,83,passed,76,good standing,good standing,76.0
184,F,C,associate,standard,yes,passed,75,passed,85,passed,87,good standing,good standing,82.33
185,F,C,master,standard,no,passed,91,passed,100,passed,99,good standing,good standing,96.67
186,M,B,high school,standard,no,passed,76,passed,77,passed,67,good standing,good standing,73.33
187,M,E,no high school,reduced,no,passed,63,passed,61,failed,59,writing,summer school,61.0
188,M,D,high school,standard,no,passed,73,passed,65,passed,64,good standing,good standing,67.33
189,M,B,no high school,reduced,yes,failed,52,passed,63,failed,53,math/writing,summer school,56.0
190,M,B,no high school,standard,yes,failed,58,failed,57,failed,53,math/reading,summer school,56.0
191,F,B,no high school,standard,no,failed,33,failed,51,failed,51,math/reading,summer school,45.0
192,M,E,no high school,reduced,no,passed,68,passed,62,passed,61,good standing,good standing,63.67
193,F,C,associate,standard,yes,passed,77,passed,91,passed,89,good standing,good standing,85.67
194,F,C,bachelor,standard,no,passed,64,passed,64,passed,66,good standing,good standing,64.67
195,F,D,no high school,reduced,no,failed,39,failed,49,failed,48,math/reading,summer school,45.33
196,M,D,bachelor,standard,no,failed,50,failed,46,failed,48,math/reading,summer school,48.0
197,M,A,master,reduced,no,failed,53,failed,57,failed,51,math/reading,summer school,53.67
198,F,B,associate,standard,yes,failed,54,passed,62,passed,70,math,summer school,62.0
199,M,D,high school,standard,no,passed,74,passed,63,passed,65,good standing,good standing,67.33
200,F,D,associate,standard,yes,failed,50,passed,63,passed,65,math,summer school,59.33
201,M,E,associate,standard,no,failed,55,failed,54,failed,47,math/reading,summer school,52.0
202,M,C,high school,standard,no,passed,77,passed,64,passed,70,good standing,good standing,70.33
203,F,B,no high school,standard,yes,failed,49,passed,64,passed,67,math,summer school,60.0
204,F,D,associate,reduced,no,passed,66,passed,83,passed,82,good standing,good standing,77.0
205,M,B,no high school,standard,yes,passed,77,passed,74,passed,75,good standing,good standing,75.33
206,F,A,master,standard,yes,passed,74,passed,78,passed,84,good standing,good standing,78.67
207,M,C,high school,standard,no,passed,85,passed,78,passed,81,good standing,good standing,81.33
208,F,A,high school,standard,no,passed,77,passed,86,passed,84,good standing,good standing,82.33
209,F,B,associate,standard,no,passed,64,passed,62,passed,66,good standing,good standing,64.0
210,F,D,high school,reduced,yes,passed,61,passed,69,passed,68,good standing,good standing,66.0
211,M,D,associate,standard,no,passed,97,passed,88,passed,85,good standing,good standing,90.0
212,M,C,high school,standard,yes,passed,66,passed,75,passed,70,good standing,good standing,70.33
213,M,C,no high school,standard,no,passed,62,passed,66,passed,64,good standing,good standing,64.0
214,F,E,no high school,standard,yes,passed,64,passed,80,passed,77,good standing,good standing,73.67
215,F,B,bachelor,reduced,no,failed,55,failed,57,passed,60,math/reading,summer school,57.33
216,F,B,associate,standard,no,failed,53,passed,72,passed,66,math,summer school,63.67
217,F,D,high school,reduced,no,passed,71,passed,81,passed,77,good standing,good standing,76.33
218,M,B,high school,reduced,yes,passed,66,failed,59,passed,68,reading,summer school,64.33
219,M,C,associate,standard,no,passed,68,passed,61,passed,62,good standing,good standing,63.67
220,M,D,high school,standard,no,passed,89,passed,90,passed,83,good standing,good standing,87.33
221,M,C,associate,standard,yes,passed,65,passed,69,passed,74,good standing,good standing,69.33
222,F,B,no high school,standard,no,failed,43,failed,48,failed,44,math/reading,summer school,45.0
223,F,D,master,standard,no,passed,79,passed,77,passed,83,good standing,good standing,79.67
224,M,D,bachelor,standard,no,passed,99,passed,94,passed,97,good standing,good standing,96.67
225,M,D,no high school,standard,no,passed,82,passed,69,passed,72,good standing,good standing,74.33
226,M,D,high school,reduced,yes,failed,35,failed,36,failed,39,math/reading,summer school,36.67
227,F,D,bachelor,reduced,no,passed,61,passed,71,passed,73,good standing,good standing,68.33
228,F,D,high school,standard,no,passed,76,passed,80,passed,81,good standing,good standing,79.0
229,M,C,associate,reduced,yes,passed,94,passed,83,passed,82,good standing,good standing,86.33
230,F,C,high school,standard,no,passed,75,passed,90,passed,78,good standing,good standing,81.0
231,M,B,high school,standard,no,passed,81,passed,75,passed,70,good standing,good standing,75.33
232,M,C,high school,reduced,no,failed,35,failed,44,failed,33,math/reading,summer school,37.33
233,M,C,high school,standard,no,passed,76,passed,74,passed,72,good standing,good standing,74.0
234,F,B,bachelor,standard,no,failed,58,passed,79,passed,82,math,summer school,73.0
235,M,C,associate,standard,yes,passed,100,passed,91,passed,90,good standing,good standing,93.67
236,F,C,bachelor,standard,no,failed,53,passed,68,passed,64,math,summer school,61.67
237,F,D,high school,standard,no,passed,82,passed,95,passed,96,good standing,good standing,91.0
238,M,B,associate,standard,no,passed,76,passed,62,passed,64,good standing,good standing,67.33
239,M,C,bachelor,standard,yes,passed,83,passed,75,passed,75,good standing,good standing,77.67
240,F,D,high school,standard,no,passed,72,passed,84,passed,82,good standing,good standing,79.33
241,M,D,associate,standard,yes,passed,76,passed,76,passed,83,good standing,good standing,78.33
242,M,D,no high school,standard,no,passed,66,passed,64,failed,58,writing,summer school,62.67
243,M,C,high school,standard,no,passed,63,passed,65,passed,63,good standing,good standing,63.67
244,M,B,no high school,standard,no,failed,36,failed,34,failed,28,math/reading,summer school,32.67
245,M,C,high school,standard,no,passed,68,passed,74,passed,71,good standing,good standing,71.0
246,F,C,no high school,reduced,yes,failed,40,failed,52,failed,42,math/reading,summer school,44.67
247,M,D,no high school,standard,no,passed,68,passed,71,passed,61,good standing,good standing,66.67
248,M,C,associate,standard,yes,failed,56,failed,54,failed,52,math/reading,summer school,54.0
249,F,D,associate,reduced,no,passed,74,passed,83,passed,80,good standing,good standing,79.0
250,F,D,high school,reduced,no,failed,53,passed,70,passed,71,math,summer school,64.67
251,M,B,no high school,standard,no,passed,88,passed,65,passed,70,good standing,good standing,74.33
252,M,D,no high school,standard,no,passed,67,passed,63,passed,61,good standing,good standing,63.67
253,F,B,associate,standard,no,passed,60,passed,76,passed,65,good standing,good standing,67.0
254,F,C,high school,reduced,no,failed,51,passed,61,failed,54,math/writing,summer school,55.33
255,F,D,no high school,standard,no,failed,53,passed,66,failed,59,math/writing,summer school,59.33
256,M,A,bachelor,standard,no,passed,80,passed,78,passed,74,good standing,good standing,77.33
257,F,E,no high school,standard,no,passed,69,passed,71,passed,67,good standing,good standing,69.0
258,F,B,no high school,reduced,no,passed,64,passed,79,passed,70,good standing,good standing,71.0
259,F,D,associate,reduced,yes,passed,80,passed,87,passed,89,good standing,good standing,85.33
260,F,A,no high school,standard,no,failed,58,passed,72,passed,62,math,summer school,64.0
261,F,C,high school,standard,no,failed,39,failed,46,failed,50,math/reading,summer school,45.0
262,M,D,no high school,standard,no,passed,64,failed,56,failed,50,reading/writing,summer school,56.67
263,M,D,associate,standard,no,passed,61,passed,66,passed,63,good standing,good standing,63.33
264,M,D,no high school,standard,yes,passed,90,passed,82,passed,88,good standing,good standing,86.67
265,M,D,no high school,standard,no,passed,73,passed,71,passed,64,good standing,good standing,69.33
266,M,C,associate,standard,no,passed,73,passed,73,passed,70,good standing,good standing,72.0
267,F,D,associate,standard,no,passed,67,passed,76,passed,77,good standing,good standing,73.33
268,F,B,high school,standard,no,failed,57,failed,58,passed,62,math/reading,summer school,59.0
269,F,E,high school,standard,no,passed,65,passed,73,passed,72,good standing,good standing,70.0
270,F,C,no high school,standard,no,passed,71,passed,72,passed,71,good standing,good standing,71.33
271,F,D,no high school,standard,no,failed,59,passed,69,passed,72,math,summer school,66.67
272,M,B,high school,standard,yes,passed,74,passed,71,passed,65,good standing,good standing,70.0
273,F,E,high school,standard,no,passed,93,passed,100,passed,93,good standing,good standing,95.33
274,F,B,no high school,standard,yes,passed,85,passed,93,passed,92,good standing,good standing,90.0
275,F,E,no high school,standard,no,passed,76,passed,83,passed,79,good standing,good standing,79.33
276,F,D,high school,reduced,no,failed,58,passed,72,passed,70,math,summer school,66.67
277,F,E,associate,standard,no,passed,72,passed,77,passed,77,good standing,good standing,75.33
278,F,B,high school,standard,no,failed,40,failed,49,failed,47,math/reading,summer school,45.33
279,M,D,high school,standard,yes,passed,75,passed,73,passed,66,good standing,good standing,71.33
280,M,D,no high school,standard,no,passed,85,passed,81,passed,80,good standing,good standing,82.0
281,M,E,associate,standard,yes,passed,100,passed,100,passed,100,good standing,good standing,100.0
282,F,B,high school,reduced,yes,failed,53,passed,65,passed,66,math,summer school,61.33
283,M,D,high school,reduced,no,failed,40,failed,42,failed,39,math/reading,summer school,40.33
284,M,B,bachelor,reduced,no,failed,49,failed,49,failed,49,math/reading,summer school,49.0
285,M,C,associate,standard,no,passed,77,passed,80,passed,80,good standing,good standing,79.0
286,F,D,high school,standard,no,passed,82,passed,89,passed,84,good standing,good standing,85.0
287,M,C,high school,standard,no,failed,55,failed,48,failed,42,math/reading,summer school,48.33
288,F,C,no high school,reduced,no,passed,62,passed,71,passed,77,good standing,good standing,70.0
289,M,B,high school,standard,yes,passed,69,passed,63,failed,59,writing,summer school,63.67
290,M,C,associate,standard,no,passed,78,passed,74,passed,76,good standing,good standing,76.0
291,F,B,high school,reduced,yes,passed,71,passed,77,passed,82,good standing,good standing,76.67
292,M,D,high school,reduced,yes,failed,59,passed,71,passed,66,math,summer school,65.33
293,F,D,high school,reduced,no,passed,60,passed,75,passed,70,good standing,good standing,68.33
294,F,C,bachelor,reduced,yes,failed,43,passed,60,passed,60,math,summer school,54.33
295,F,C,no high school,standard,no,passed,77,passed,83,passed,86,good standing,good standing,82.0
296,M,D,no high school,reduced,no,failed,50,failed,47,failed,46,math/reading,summer school,47.67
297,F,E,bachelor,reduced,no,failed,56,failed,58,failed,52,math/reading,summer school,55.33
298,M,B,high school,standard,no,passed,69,failed,58,failed,50,reading/writing,summer school,59.0
299,M,D,high school,standard,no,failed,47,failed,43,failed,39,math/reading,summer school,43.0
300,M,B,high school,reduced,no,failed,43,failed,28,failed,24,math/reading,summer school,31.67
301,M,A,no high school,reduced,no,failed,48,failed,39,failed,40,math/reading,summer school,42.33
302,M,C,high school,reduced,no,failed,55,passed,62,failed,49,math/writing,summer school,55.33
303,M,C,high school,standard,no,passed,73,passed,68,passed,66,good standing,good standing,69.0
304,M,D,bachelor,standard,no,passed,71,passed,63,passed,66,good standing,good standing,66.67
305,F,B,high school,standard,no,failed,54,failed,57,passed,60,math/reading,summer school,57.0
306,M,C,high school,standard,no,passed,66,passed,61,passed,63,good standing,good standing,63.33
307,M,A,master,standard,no,passed,63,passed,63,passed,67,good standing,good standing,64.33
308,F,D,bachelor,standard,no,passed,66,passed,81,passed,73,good standing,good standing,73.33
309,M,C,bachelor,standard,yes,passed,79,passed,80,passed,75,good standing,good standing,78.0
310,M,D,associate,reduced,yes,passed,73,passed,69,passed,70,good standing,good standing,70.67
311,F,C,no high school,standard,no,failed,36,failed,57,failed,53,math/reading,summer school,48.67
312,M,C,associate,reduced,no,failed,50,failed,48,failed,43,math/reading,summer school,47.0
313,M,E,high school,standard,yes,passed,87,passed,78,passed,80,good standing,good standing,81.67
314,M,C,associate,standard,no,passed,71,passed,68,passed,63,good standing,good standing,67.33
315,F,C,associate,standard,yes,passed,85,passed,87,passed,94,good standing,good standing,88.67
316,F,C,high school,standard,yes,failed,58,passed,67,passed,64,math,summer school,63.0
317,M,C,high school,standard,no,passed,86,passed,83,passed,81,good standing,good standing,83.33
318,F,D,no high school,reduced,no,passed,64,passed,86,passed,89,good standing,good standing,79.67
319,M,D,high school,standard,no,passed,83,passed,85,passed,79,good standing,good standing,82.33
320,M,E,high school,reduced,yes,failed,58,failed,56,failed,49,math/reading,summer school,54.33
321,F,C,high school,reduced,yes,failed,59,passed,83,passed,81,math,summer school,74.33
322,F,C,high school,standard,no,failed,40,failed,58,failed,54,math/reading,summer school,50.67
323,M,D,associate,standard,yes,passed,82,passed,83,passed,85,good standing,good standing,83.33
324,M,E,no high school,standard,no,passed,87,passed,84,passed,80,good standing,good standing,83.67
325,F,C,no high school,standard,no,passed,62,passed,65,passed,64,good standing,good standing,63.67
326,M,B,associate,reduced,yes,passed,76,passed,80,passed,78,good standing,good standing,78.0
327,F,A,high school,standard,no,passed,63,passed,69,passed,60,good standing,good standing,64.0
328,M,D,high school,reduced,yes,failed,58,passed,60,failed,59,math/writing,summer school,59.0
329,M,D,associate,standard,yes,passed,61,passed,63,passed,65,good standing,good standing,63.0
330,M,C,high school,standard,no,passed,78,passed,69,passed,71,good standing,good standing,72.67
331,F,C,bachelor,reduced,yes,passed,78,passed,90,passed,81,good standing,good standing,83.0
332,M,C,high school,standard,no,failed,56,failed,54,failed,43,math/reading,summer school,51.0
333,M,D,no high school,standard,no,passed,96,passed,83,passed,82,good standing,good standing,87.0
334,M,C,high school,standard,no,failed,48,failed,43,failed,40,math/reading,summer school,43.67
335,M,C,associate,standard,yes,passed,70,passed,76,passed,72,good standing,good standing,72.67
336,M,D,high school,reduced,no,failed,43,passed,68,failed,58,math/writing,summer school,56.33
337,F,E,high school,reduced,no,failed,45,failed,46,failed,49,math/reading,summer school,46.67
338,F,C,associate,standard,no,failed,58,passed,68,passed,62,math,summer school,62.67
339,F,A,high school,standard,yes,passed,70,passed,73,passed,80,good standing,good standing,74.33
340,F,E,no high school,standard,no,passed,60,passed,61,failed,58,writing,summer school,59.67
341,M,C,no high school,reduced,no,failed,52,failed,53,failed,47,math/reading,summer school,50.67
342,M,C,associate,reduced,no,passed,61,passed,62,failed,54,writing,summer school,59.0
343,F,D,no high school,standard,no,failed,55,passed,70,passed,61,math,summer school,62.0
344,M,B,high school,standard,yes,passed,80,passed,80,passed,79,good standing,good standing,79.67
345,M,D,high school,reduced,no,passed,63,passed,60,failed,54,writing,summer school,59.0
346,F,B,master,standard,no,passed,79,passed,79,passed,87,good standing,good standing,81.67
347,M,A,associate,standard,no,passed,74,passed,78,passed,72,good standing,good standing,74.67
348,F,B,high school,reduced,yes,failed,46,failed,58,passed,64,math/reading,summer school,56.0
349,F,B,no high school,standard,yes,passed,72,passed,88,passed,92,good standing,good standing,84.0
350,F,E,no high school,reduced,no,failed,58,passed,64,passed,64,math,summer school,62.0
351,F,E,master,standard,no,failed,47,failed,50,failed,47,math/reading,summer school,48.0
352,F,D,bachelor,standard,yes,passed,68,passed,78,passed,84,good standing,good standing,76.67
353,M,D,bachelor,reduced,yes,passed,68,passed,71,passed,67,good standing,good standing,68.67
354,F,D,high school,standard,no,passed,65,passed,75,passed,68,good standing,good standing,69.33
355,F,B,associate,standard,no,failed,50,failed,54,failed,51,math/reading,summer school,51.67
356,F,B,high school,reduced,yes,failed,48,passed,71,passed,68,math,summer school,62.33
357,F,B,bachelor,standard,no,failed,58,passed,60,passed,64,math,summer school,60.67
358,M,C,no high school,reduced,yes,passed,71,passed,74,passed,68,good standing,good standing,71.0
359,M,D,no high school,reduced,yes,failed,58,failed,52,failed,48,math/reading,summer school,52.67
360,F,A,high school,reduced,no,passed,66,passed,90,passed,83,good standing,good standing,79.67
361,M,C,high school,reduced,no,failed,44,failed,53,failed,43,math/reading,summer school,46.67
362,F,B,no high school,standard,yes,failed,51,passed,63,passed,66,math,summer school,60.0
363,M,A,high school,standard,yes,passed,78,passed,83,passed,77,good standing,good standing,79.33
364,M,C,high school,standard,no,passed,72,passed,71,passed,65,good standing,good standing,69.33
365,F,D,associate,standard,no,passed,60,passed,64,passed,67,good standing,good standing,63.67
366,F,C,associate,reduced,no,failed,55,passed,61,passed,60,math,summer school,58.67
367,M,B,no high school,standard,no,passed,64,passed,67,passed,64,good standing,good standing,65.0
368,F,C,no high school,reduced,no,failed,57,passed,64,passed,60,math,summer school,60.33
369,F,A,high school,standard,no,passed,70,passed,75,passed,74,good standing,good standing,73.0
370,M,D,no high school,standard,yes,passed,84,passed,72,passed,76,good standing,good standing,77.33
371,F,B,high school,standard,yes,passed,66,passed,71,passed,76,good standing,good standing,71.0
372,F,C,bachelor,reduced,yes,failed,56,passed,65,passed,73,math,summer school,64.67
373,M,E,high school,reduced,yes,failed,59,failed,53,failed,56,math/reading,summer school,56.0
374,F,E,bachelor,standard,no,passed,87,passed,89,passed,84,good standing,good standing,86.67
375,M,E,high school,reduced,no,passed,73,passed,75,passed,64,good standing,good standing,70.67
376,F,A,high school,standard,no,passed,85,passed,91,passed,89,good standing,good standing,88.33
377,M,B,high school,reduced,no,failed,49,failed,54,failed,42,math/reading,summer school,48.33
378,F,C,bachelor,standard,yes,passed,82,passed,87,passed,90,good standing,good standing,86.33
379,F,D,high school,standard,no,passed,80,passed,90,passed,90,good standing,good standing,86.67
380,F,E,high school,standard,no,failed,48,failed,51,failed,43,math/reading,summer school,47.33
381,F,D,high school,standard,yes,passed,85,passed,83,passed,94,good standing,good standing,87.33
382,F,E,no high school,standard,yes,passed,70,passed,78,passed,76,good standing,good standing,74.67
383,M,E,associate,standard,yes,passed,89,passed,84,passed,81,good standing,good standing,84.67
384,F,D,high school,standard,yes,passed,72,passed,86,passed,79,good standing,good standing,79.0
385,F,D,no high school,reduced,no,passed,80,passed,86,passed,87,good standing,good standing,84.33
386,F,D,no high school,reduced,no,failed,43,failed,57,failed,50,math/reading,summer school,50.0
387,M,C,no high school,reduced,yes,failed,54,passed,61,passed,61,math,summer school,58.67
388,M,A,associate,reduced,yes,passed,82,passed,82,passed,78,good standing,good standing,80.67
389,M,C,bachelor,reduced,no,passed,74,passed,80,passed,78,good standing,good standing,77.33
390,F,C,high school,standard,no,passed,63,passed,62,passed,64,good standing,good standing,63.0
391,F,C,high school,reduced,no,failed,47,failed,56,failed,51,math/reading,summer school,51.33
392,F,C,high school,reduced,no,failed,13,failed,29,failed,23,math/reading,summer school,21.67
393,M,D,high school,reduced,no,passed,67,failed,58,failed,56,reading/writing,summer school,60.33
394,M,C,no high school,standard,no,failed,57,failed,59,failed,54,math/reading,summer school,56.67
395,F,B,no high school,standard,no,passed,64,passed,78,passed,83,good standing,good standing,75.0
396,F,D,associate,standard,no,passed,85,passed,100,passed,100,good standing,good standing,95.0
397,F,B,associate,standard,yes,passed,70,passed,80,passed,86,good standing,good standing,78.67
398,M,B,bachelor,standard,yes,passed,90,passed,73,passed,83,good standing,good standing,82.0
399,F,A,high school,reduced,yes,failed,53,passed,70,passed,69,math,summer school,64.0
400,M,C,high school,standard,yes,passed,74,passed,73,passed,75,good standing,good standing,74.0
401,M,A,associate,standard,yes,passed,61,passed,71,passed,67,good standing,good standing,66.33
402,F,C,no high school,standard,yes,failed,55,passed,74,passed,73,math,summer school,67.33
403,F,B,high school,standard,yes,passed,65,passed,63,passed,66,good standing,good standing,64.67
404,F,A,high school,standard,no,passed,77,passed,77,passed,79,good standing,good standing,77.67
405,M,C,associate,standard,no,passed,74,passed,61,failed,56,writing,summer school,63.67
406,M,D,high school,standard,no,passed,94,passed,92,passed,85,good standing,good standing,90.33
407,F,B,associate,standard,yes,failed,54,passed,64,passed,68,math,summer school,62.0
408,M,A,high school,standard,no,failed,52,failed,49,failed,43,math/reading,summer school,48.0
409,M,D,high school,standard,no,passed,73,passed,75,passed,71,good standing,good standing,73.0
410,M,C,high school,standard,no,passed,81,passed,72,failed,58,writing,summer school,70.33
411,F,B,bachelor,reduced,no,passed,62,passed,75,passed,72,good standing,good standing,69.67
412,F,C,master,reduced,no,failed,55,passed,60,passed,61,math,summer school,58.67
413,M,C,no high school,reduced,yes,failed,55,passed,61,passed,61,math,summer school,59.0
414,F,D,no high school,standard,no,passed,61,passed,62,passed,61,good standing,good standing,61.33
415,M,E,high school,standard,no,passed,75,passed,70,passed,64,good standing,good standing,69.67
416,M,E,high school,reduced,no,passed,79,passed,65,failed,59,writing,summer school,67.67
417,F,C,no high school,standard,no,passed,70,passed,70,passed,68,good standing,good standing,69.33
418,M,A,high school,standard,no,passed,72,passed,65,failed,59,writing,summer school,65.33
419,F,C,no high school,reduced,no,failed,38,failed,46,failed,33,math/reading,summer school,39.0
420,F,A,bachelor,standard,no,failed,57,passed,71,passed,63,math,summer school,63.67
421,M,D,no high school,standard,no,passed,76,passed,71,passed,70,good standing,good standing,72.33
422,M,C,high school,reduced,no,failed,45,failed,45,failed,38,math/reading,summer school,42.67
423,M,D,associate,standard,no,passed,77,passed,73,passed,74,good standing,good standing,74.67
424,M,C,high school,standard,no,failed,40,failed,39,failed,30,math/reading,summer school,36.33
425,F,E,high school,standard,no,passed,78,passed,83,passed,78,good standing,good standing,79.67
426,F,A,master,reduced,no,passed,63,passed,65,passed,66,good standing,good standing,64.67
427,M,C,associate,standard,no,passed,83,passed,70,passed,73,good standing,good standing,75.33
428,M,C,associate,reduced,no,failed,55,failed,52,failed,47,math/reading,summer school,51.33
429,M,B,high school,standard,yes,passed,88,passed,78,passed,76,good standing,good standing,80.67
430,M,C,bachelor,standard,no,passed,82,passed,83,passed,85,good standing,good standing,83.33
431,M,E,bachelor,standard,no,passed,86,passed,71,passed,71,good standing,good standing,76.0
432,F,C,associate,reduced,no,passed,61,passed,74,passed,72,good standing,good standing,69.0
433,F,D,high school,standard,yes,passed,78,passed,85,passed,93,good standing,good standing,85.33
434,M,C,associate,standard,no,passed,67,passed,63,passed,66,good standing,good standing,65.33
435,F,E,no high school,standard,no,passed,83,passed,87,passed,83,good standing,good standing,84.33
436,M,C,no high school,standard,no,passed,68,passed,74,passed,69,good standing,good standing,70.33
437,M,C,high school,standard,no,failed,53,failed,52,failed,44,math/reading,summer school,49.67
438,M,D,associate,standard,no,passed,91,passed,88,passed,90,good standing,good standing,89.67
439,M,B,associate,reduced,no,passed,67,passed,66,passed,66,good standing,good standing,66.33
440,F,C,high school,standard,yes,failed,53,passed,64,passed,62,math,summer school,59.67
441,F,C,master,standard,yes,passed,86,passed,100,passed,100,good standing,good standing,95.33
442,M,E,no high school,reduced,yes,passed,75,passed,70,passed,61,good standing,good standing,68.67
443,M,C,high school,standard,no,failed,55,failed,38,failed,35,math/reading,summer school,42.67
444,M,D,bachelor,standard,yes,passed,93,passed,86,passed,95,good standing,good standing,91.33
445,F,E,high school,standard,no,passed,62,passed,71,passed,66,good standing,good standing,66.33
446,M,C,high school,reduced,no,passed,83,passed,76,passed,71,good standing,good standing,76.67
447,M,D,no high school,standard,no,passed,73,passed,72,passed,64,good standing,good standing,69.67
448,F,C,high school,reduced,no,failed,57,failed,52,failed,53,math/reading,summer school,54.0
449,F,C,high school,standard,no,passed,70,passed,75,passed,75,good standing,good standing,73.33
450,F,B,high school,standard,yes,failed,55,passed,62,passed,64,math,summer school,60.33
451,M,C,high school,standard,no,passed,65,failed,56,failed,51,reading/writing,summer school,57.33
452,F,C,no high school,standard,yes,passed,76,passed,85,passed,88,good standing,good standing,83.0
453,M,C,master,reduced,no,failed,59,failed,47,failed,46,math/reading,summer school,50.67
454,M,C,associate,standard,yes,passed,74,passed,73,passed,77,good standing,good standing,74.67
455,M,B,no high school,standard,no,passed,65,failed,59,passed,60,reading,summer school,61.33
456,M,B,high school,standard,yes,passed,89,passed,87,passed,89,good standing,good standing,88.33
457,F,B,master,standard,no,passed,71,passed,82,passed,82,good standing,good standing,78.33
458,M,C,high school,reduced,yes,passed,63,passed,69,failed,59,writing,summer school,63.67
459,M,C,no high school,standard,yes,failed,57,failed,55,passed,60,math/reading,summer school,57.33
460,M,B,high school,reduced,yes,failed,56,passed,67,failed,56,math/writing,summer school,59.67
461,M,A,no high school,reduced,yes,failed,49,failed,44,failed,41,math/reading,summer school,44.67
462,F,C,high school,reduced,yes,failed,28,failed,44,failed,50,math/reading,summer school,40.67
463,F,C,bachelor,reduced,no,passed,69,passed,73,passed,71,good standing,good standing,71.0
464,F,D,no high school,reduced,no,failed,49,passed,62,passed,60,math,summer school,57.0
465,M,B,no high school,standard,yes,passed,67,passed,62,failed,58,writing,summer school,62.33
466,F,B,high school,reduced,yes,passed,74,passed,85,passed,82,good standing,good standing,80.33
467,F,C,bachelor,standard,yes,failed,47,passed,67,passed,63,math,summer school,59.0
468,F,C,high school,standard,no,passed,63,passed,63,passed,69,good standing,good standing,65.0
469,M,C,high school,standard,no,passed,73,failed,51,failed,53,reading/writing,summer school,59.0
470,F,D,high school,standard,no,passed,91,passed,94,passed,96,good standing,good standing,93.67
471,M,B,high school,standard,no,passed,80,passed,87,passed,79,good standing,good standing,82.0
472,F,C,associate,standard,no,passed,66,passed,73,passed,68,good standing,good standing,69.0
473,M,B,high school,standard,no,failed,52,failed,48,failed,43,math/reading,summer school,47.67
474,F,B,high school,standard,no,passed,65,passed,71,passed,65,good standing,good standing,67.0
475,M,D,high school,standard,yes,passed,83,passed,75,passed,71,good standing,good standing,76.33
476,F,C,no high school,reduced,no,passed,80,passed,85,passed,78,good standing,good standing,81.0
477,M,E,bachelor,reduced,no,passed,68,passed,68,failed,59,writing,summer school,65.0
478,M,C,high school,reduced,yes,passed,68,passed,73,passed,68,good standing,good standing,69.67
479,M,C,associate,reduced,no,passed,62,failed,43,failed,45,reading/writing,summer school,50.0
480,F,B,no high school,standard,no,passed,76,passed,88,passed,84,good standing,good standing,82.67
481,F,C,bachelor,reduced,no,passed,77,passed,79,passed,83,good standing,good standing,79.67
482,F,E,master,reduced,no,passed,83,passed,81,passed,83,good standing,good standing,82.33
483,F,C,high school,reduced,no,passed,71,passed,78,passed,82,good standing,good standing,77.0
484,M,D,high school,reduced,yes,passed,86,passed,91,passed,89,good standing,good standing,88.67
485,M,B,master,standard,no,passed,93,passed,96,passed,96,good standing,good standing,95.0
486,F,B,associate,reduced,no,passed,60,passed,64,passed,60,good standing,good standing,61.33
487,F,D,no high school,standard,no,failed,57,failed,56,failed,58,math/reading,summer school,57.0
488,M,C,bachelor,standard,no,passed,84,passed,79,passed,74,good standing,good standing,79.0
489,F,D,bachelor,standard,no,passed,66,passed,71,passed,75,good standing,good standing,70.67
490,M,D,master,standard,no,passed,85,passed,69,passed,74,good standing,good standing,76.0
491,F,D,master,standard,yes,failed,57,passed,68,passed,76,math,summer school,67.0
492,F,C,no high school,standard,no,failed,41,failed,49,failed,49,math/reading,summer school,46.33
493,F,C,no high school,standard,no,passed,75,passed,76,passed,76,good standing,good standing,75.67
494,M,D,high school,reduced,no,passed,65,passed,63,passed,60,good standing,good standing,62.67
495,M,E,high school,standard,no,passed,78,passed,65,passed,60,good standing,good standing,67.67
496,F,B,no high school,reduced,no,failed,26,failed,34,failed,28,math/reading,summer school,29.33
497,M,E,high school,reduced,no,passed,71,passed,64,passed,66,good standing,good standing,67.0
498,M,B,bachelor,standard,yes,passed,86,passed,92,passed,93,good standing,good standing,90.33
499,M,B,associate,standard,yes,passed,89,passed,84,passed,81,good standing,good standing,84.67
500,F,B,high school,reduced,no,failed,53,passed,64,passed,63,math,summer school,60.0
501,F,C,associate,standard,no,passed,87,passed,87,passed,92,good standing,good standing,88.67
502,M,D,associate,standard,no,passed,71,failed,57,failed,59,reading/writing,summer school,62.33
503,M,D,high school,standard,no,passed,77,passed,80,passed,72,good standing,good standing,76.33
504,F,C,high school,reduced,yes,failed,43,failed,48,failed,53,math/reading,summer school,48.0
505,F,C,associate,standard,no,passed,88,passed,91,passed,86,good standing,good standing,88.33
506,M,E,no high school,standard,no,passed,86,passed,76,passed,63,good standing,good standing,75.0
507,F,E,no high school,reduced,yes,failed,45,failed,56,failed,55,math/reading,summer school,52.0
508,M,C,high school,standard,no,passed,69,failed,56,failed,57,reading/writing,summer school,60.67
509,F,D,high school,standard,no,passed,65,passed,70,passed,72,good standing,good standing,69.0
510,M,E,high school,reduced,no,passed,81,passed,79,passed,71,good standing,good standing,77.0
511,F,A,no high school,standard,no,passed,90,passed,88,passed,86,good standing,good standing,88.0
512,F,E,associate,standard,no,passed,78,passed,72,passed,71,good standing,good standing,73.67
513,F,C,master,standard,yes,passed,71,passed,79,passed,89,good standing,good standing,79.67
514,F,C,no high school,standard,no,passed,75,passed,80,passed,72,good standing,good standing,75.67
515,M,C,bachelor,reduced,no,passed,70,passed,60,failed,56,writing,summer school,62.0
516,M,B,associate,standard,no,failed,54,failed,52,failed,48,math/reading,summer school,51.33
517,M,B,high school,standard,no,failed,49,failed,36,failed,32,math/reading,summer school,39.0
518,M,B,associate,reduced,yes,passed,80,passed,82,passed,82,good standing,good standing,81.33
519,F,E,bachelor,standard,no,passed,78,passed,89,passed,93,good standing,good standing,86.67
520,M,C,bachelor,standard,no,passed,89,passed,77,passed,82,good standing,good standing,82.67
521,F,C,bachelor,standard,yes,passed,65,passed,83,passed,82,good standing,good standing,76.67
522,M,D,associate,standard,no,passed,78,passed,74,passed,71,good standing,good standing,74.33
523,F,D,high school,standard,no,passed,69,passed,85,passed,78,good standing,good standing,77.33
524,M,D,high school,reduced,no,failed,49,failed,47,failed,48,math/reading,summer school,48.0
525,F,D,master,reduced,no,failed,50,passed,64,passed,66,math,summer school,60.0
526,F,E,high school,standard,no,passed,79,passed,76,passed,71,good standing,good standing,75.33
527,F,D,high school,standard,yes,passed,89,passed,92,passed,97,good standing,good standing,92.67
528,M,A,associate,reduced,yes,failed,48,passed,61,failed,59,math/writing,summer school,56.0
529,F,A,bachelor,standard,no,passed,63,passed,67,passed,71,good standing,good standing,67.0
530,F,C,high school,standard,no,passed,88,passed,100,passed,88,good standing,good standing,92.0
531,F,D,associate,standard,no,passed,66,passed,73,passed,73,good standing,good standing,70.67
532,F,B,high school,reduced,no,failed,45,failed,59,failed,56,math/reading,summer school,53.33
533,F,E,no high school,standard,yes,passed,62,passed,78,passed,73,good standing,good standing,71.0
534,M,D,high school,reduced,yes,passed,74,passed,80,passed,86,good standing,good standing,80.0
535,F,D,bachelor,reduced,no,passed,82,passed,87,passed,90,good standing,good standing,86.33
536,M,E,high school,reduced,yes,passed,83,passed,63,passed,63,good standing,good standing,69.67
537,F,D,no high school,reduced,yes,passed,60,passed,72,passed,76,good standing,good standing,69.33
538,F,D,high school,standard,no,passed,66,passed,73,passed,72,good standing,good standing,70.33
539,M,C,bachelor,reduced,no,passed,76,passed,66,passed,68,good standing,good standing,70.0
540,M,B,associate,standard,yes,passed,75,passed,74,passed,76,good standing,good standing,75.0
541,M,B,high school,standard,yes,passed,77,passed,72,passed,79,good standing,good standing,76.0
542,F,E,high school,reduced,no,passed,82,passed,88,passed,86,good standing,good standing,85.33
543,M,C,associate,standard,yes,passed,63,failed,59,passed,60,reading,summer school,60.67
544,F,D,high school,standard,no,passed,70,passed,85,passed,85,good standing,good standing,80.0
545,M,D,associate,standard,yes,passed,84,passed,71,passed,76,good standing,good standing,77.0
546,M,C,high school,standard,yes,passed,68,passed,60,passed,63,good standing,good standing,63.67
547,M,C,high school,reduced,no,failed,56,failed,58,failed,50,math/reading,summer school,54.67
548,F,C,associate,reduced,no,failed,37,failed,46,failed,43,math/reading,summer school,42.0
549,F,D,no high school,standard,no,failed,49,failed,56,failed,53,math/reading,summer school,52.67
550,F,E,high school,standard,yes,passed,100,passed,100,passed,100,good standing,good standing,100.0
551,M,D,high school,standard,no,passed,83,passed,68,passed,65,good standing,good standing,72.0
552,F,E,master,reduced,yes,passed,92,passed,100,passed,98,good standing,good standing,96.67
553,M,E,master,reduced,no,passed,71,passed,62,passed,66,good standing,good standing,66.33
554,M,D,associate,reduced,yes,passed,72,passed,76,passed,73,good standing,good standing,73.67
555,F,D,bachelor,reduced,no,failed,37,failed,53,failed,48,math/reading,summer school,46.0
556,M,C,bachelor,reduced,no,failed,35,failed,43,failed,35,math/reading,summer school,37.67
557,M,C,high school,reduced,no,passed,69,passed,68,passed,62,good standing,good standing,66.33
558,F,C,bachelor,standard,no,passed,65,passed,73,passed,81,good standing,good standing,73.0
559,M,E,high school,reduced,no,failed,56,failed,48,failed,36,math/reading,summer school,46.67
560,F,D,high school,standard,no,failed,40,failed,46,failed,57,math/reading,summer school,47.67
561,F,E,high school,standard,no,passed,60,passed,62,passed,60,good standing,good standing,60.67
562,F,C,no high school,standard,no,failed,57,passed,66,passed,73,math,summer school,65.33
563,F,C,no high school,reduced,yes,failed,58,passed,62,passed,66,math,summer school,62.0
564,F,D,high school,standard,yes,passed,74,passed,95,passed,94,good standing,good standing,87.67
565,F,B,high school,standard,no,passed,77,passed,77,passed,83,good standing,good standing,79.0
566,M,E,high school,reduced,no,passed,66,failed,57,failed,53,reading/writing,summer school,58.67
567,F,D,high school,standard,yes,passed,62,passed,79,passed,87,good standing,good standing,76.0
568,M,C,high school,reduced,no,failed,29,failed,38,failed,27,math/reading,summer school,31.33
569,F,B,high school,standard,no,passed,70,passed,73,passed,66,good standing,good standing,69.67
570,M,A,associate,reduced,no,passed,67,passed,64,passed,60,good standing,good standing,63.67
571,F,C,high school,standard,yes,passed,81,passed,91,passed,94,good standing,good standing,88.67
572,M,C,associate,reduced,no,failed,56,failed,50,failed,43,math/reading,summer school,49.67
573,F,D,high school,reduced,no,passed,61,passed,79,passed,76,good standing,good standing,72.0
574,F,D,high school,reduced,yes,failed,47,failed,54,failed,56,math/reading,summer school,52.33
575,M,A,bachelor,standard,yes,passed,88,passed,87,passed,94,good standing,good standing,89.67
576,M,C,high school,standard,yes,failed,51,failed,52,failed,52,math/reading,summer school,51.67
577,M,C,master,standard,no,passed,68,passed,60,passed,62,good standing,good standing,63.33
578,F,B,associate,standard,no,passed,68,passed,71,passed,71,good standing,good standing,70.0
579,F,B,high school,reduced,no,failed,47,failed,49,failed,50,math/reading,summer school,48.67
580,M,E,master,reduced,yes,passed,84,passed,77,passed,82,good standing,good standing,81.0
581,M,B,high school,reduced,no,passed,69,passed,72,passed,68,good standing,good standing,69.67
582,F,D,bachelor,standard,yes,failed,52,passed,69,passed,75,math,summer school,65.33
583,M,B,associate,standard,no,passed,80,passed,79,passed,79,good standing,good standing,79.33
584,M,C,bachelor,standard,no,passed,100,passed,84,passed,88,good standing,good standing,90.67
585,M,C,high school,standard,yes,failed,53,failed,59,passed,64,math/reading,summer school,58.67
586,F,B,master,standard,yes,failed,59,passed,73,passed,74,math,summer school,68.67
587,F,B,high school,standard,no,passed,78,passed,96,passed,89,good standing,good standing,87.67
588,F,B,associate,standard,no,passed,84,passed,87,passed,89,good standing,good standing,86.67
589,F,C,high school,reduced,no,failed,52,passed,72,passed,71,math,summer school,65.0
590,M,C,associate,reduced,no,passed,81,passed,78,passed,75,good standing,good standing,78.0
591,F,C,associate,standard,yes,passed,90,passed,95,passed,100,good standing,good standing,95.0
592,F,A,high school,standard,no,passed,63,passed,73,passed,66,good standing,good standing,67.33
593,M,D,bachelor,standard,yes,passed,100,passed,97,passed,100,good standing,good standing,99.0
594,F,B,high school,standard,no,failed,56,passed,63,passed,62,math,summer school,60.33
595,F,B,high school,standard,no,failed,46,failed,54,failed,54,math/reading,summer school,51.33
596,F,B,high school,reduced,yes,passed,75,passed,85,passed,90,good standing,good standing,83.33
597,F,A,high school,standard,no,failed,46,failed,51,failed,54,math/reading,summer school,50.33
598,M,A,no high school,reduced,no,failed,42,failed,40,failed,40,math/reading,summer school,40.67
599,F,C,no high school,standard,yes,passed,77,passed,86,passed,90,good standing,good standing,84.33
600,F,C,high school,reduced,no,failed,40,passed,63,failed,56,math/writing,summer school,53.0
601,F,D,high school,standard,no,passed,69,passed,71,passed,76,good standing,good standing,72.0
602,M,C,high school,standard,no,failed,43,failed,50,failed,45,math/reading,summer school,46.0
603,F,C,associate,standard,yes,passed,69,passed,75,passed,71,good standing,good standing,71.67
604,F,D,bachelor,standard,yes,passed,89,passed,93,passed,100,good standing,good standing,94.0
605,M,B,associate,standard,no,failed,44,failed,34,failed,36,math/reading,summer school,38.0
606,M,D,high school,reduced,yes,passed,82,passed,83,passed,77,good standing,good standing,80.67
607,M,D,associate,reduced,no,passed,72,passed,72,passed,65,good standing,good standing,69.67
608,M,C,bachelor,standard,no,passed,64,failed,53,failed,50,reading/writing,summer school,55.67
609,M,D,no high school,standard,no,passed,89,passed,73,passed,70,good standing,good standing,77.33
610,M,E,associate,reduced,no,failed,58,failed,53,failed,54,math/reading,summer school,55.0
611,F,A,high school,standard,yes,passed,63,passed,81,passed,78,good standing,good standing,74.0
612,F,A,bachelor,standard,no,failed,54,passed,66,passed,69,math,summer school,63.0
613,M,C,high school,reduced,yes,passed,83,passed,78,passed,82,good standing,good standing,81.0
614,F,C,high school,standard,no,failed,57,passed,74,passed,64,math,summer school,65.0
615,F,C,high school,standard,no,failed,52,failed,47,failed,48,math/reading,summer school,49.0
616,F,D,high school,standard,yes,passed,75,passed,93,passed,97,good standing,good standing,88.33
617,M,E,high school,reduced,yes,passed,67,passed,66,passed,64,good standing,good standing,65.67
618,M,B,no high school,standard,no,failed,58,passed,60,failed,53,math/writing,summer school,57.0
619,F,B,bachelor,reduced,no,passed,63,passed,66,passed,68,good standing,good standing,65.67
620,F,D,no high school,reduced,no,failed,49,passed,64,failed,57,math/writing,summer school,56.67
621,F,D,high school,reduced,no,failed,38,failed,47,failed,52,math/reading,summer school,45.67
622,F,B,high school,standard,yes,passed,74,passed,85,passed,84,good standing,good standing,81.0
623,M,C,associate,reduced,yes,passed,69,passed,84,passed,82,good standing,good standing,78.33
624,F,D,associate,standard,no,passed,77,passed,82,passed,80,good standing,good standing,79.67
625,F,A,master,reduced,no,failed,40,failed,59,failed,59,math/reading,summer school,52.67
626,F,B,master,standard,yes,passed,96,passed,98,passed,100,good standing,good standing,98.0
627,F,B,bachelor,standard,no,passed,85,passed,86,passed,85,good standing,good standing,85.33
628,M,D,associate,standard,no,passed,85,passed,77,passed,76,good standing,good standing,79.33
629,M,C,high school,standard,no,passed,72,failed,59,failed,54,reading/writing,summer school,61.67
630,F,B,associate,reduced,no,passed,63,passed,78,passed,73,good standing,good standing,71.33
631,M,B,no high school,standard,no,failed,58,passed,67,failed,58,math/writing,summer school,61.0
632,M,B,bachelor,reduced,no,failed,58,passed,64,failed,54,math/writing,summer school,58.67
633,M,C,high school,reduced,no,failed,51,failed,57,failed,53,math/reading,summer school,53.67
634,F,D,master,standard,yes,passed,100,passed,100,passed,100,good standing,good standing,100.0
635,F,D,master,standard,no,passed,77,passed,84,passed,92,good standing,good standing,84.33
636,M,E,bachelor,reduced,no,passed,63,failed,56,failed,56,reading/writing,summer school,58.33
637,F,C,high school,standard,no,passed,64,passed,67,passed,68,good standing,good standing,66.33
638,M,E,high school,standard,no,passed,100,passed,82,passed,80,good standing,good standing,87.33
639,M,C,associate,standard,no,passed,66,passed,65,passed,65,good standing,good standing,65.33
640,M,E,bachelor,standard,no,passed,87,passed,87,passed,84,good standing,good standing,86.0
641,M,C,high school,standard,no,passed,73,passed,72,passed,69,good standing,good standing,71.33
642,M,C,master,reduced,yes,passed,69,passed,66,passed,65,good standing,good standing,66.67
643,F,C,high school,standard,no,passed,62,passed,64,passed,63,good standing,good standing,63.0
644,F,C,no high school,standard,no,failed,40,failed,48,failed,49,math/reading,summer school,45.67
645,M,C,high school,reduced,yes,failed,55,passed,68,passed,60,math,summer school,61.0
646,M,D,high school,standard,yes,passed,77,passed,77,passed,78,good standing,good standing,77.33
647,M,D,high school,standard,yes,passed,63,passed,70,passed,71,good standing,good standing,68.0
648,M,D,associate,standard,yes,passed,85,passed,85,passed,91,good standing,good standing,87.0
649,F,B,high school,reduced,no,failed,30,failed,43,failed,40,math/reading,summer school,37.67
650,M,B,high school,standard,no,passed,82,passed,77,passed,71,good standing,good standing,76.67
651,M,D,associate,reduced,yes,passed,81,passed,71,passed,70,good standing,good standing,74.0
652,F,C,no high school,standard,yes,passed,92,passed,100,passed,97,good standing,good standing,96.33
653,M,B,high school,reduced,no,failed,50,failed,48,failed,36,math/reading,summer school,44.67
654,F,B,associate,standard,no,failed,54,passed,60,failed,56,math/writing,summer school,56.67
655,M,C,associate,standard,yes,passed,76,passed,83,passed,78,good standing,good standing,79.0
656,F,D,no high school,standard,no,passed,60,passed,68,passed,74,good standing,good standing,67.33
657,F,A,associate,reduced,yes,failed,45,passed,72,passed,66,math,summer school,61.0
658,M,D,high school,standard,no,passed,80,passed,77,passed,72,good standing,good standing,76.33
659,M,D,no high school,reduced,no,failed,52,failed,45,failed,48,math/reading,summer school,48.33
660,F,C,high school,standard,yes,passed,90,passed,89,passed,97,good standing,good standing,92.0
661,F,D,high school,reduced,no,failed,53,passed,65,passed,69,math,summer school,62.33
662,F,C,associate,standard,no,passed,92,passed,95,passed,95,good standing,good standing,94.0
663,F,C,high school,standard,yes,passed,63,passed,78,passed,75,good standing,good standing,72.0
664,F,B,no high school,standard,no,passed,71,passed,77,passed,79,good standing,good standing,75.67
665,F,D,no high school,standard,no,passed,64,passed,70,passed,73,good standing,good standing,69.0
666,F,C,high school,standard,yes,passed,67,passed,81,passed,89,good standing,good standing,79.0
667,M,C,high school,reduced,no,passed,63,passed,63,passed,61,good standing,good standing,62.33
668,M,B,high school,standard,no,passed,63,failed,53,failed,44,reading/writing,summer school,53.33
669,M,C,no high school,standard,no,failed,59,failed,49,failed,46,math/reading,summer school,51.33
670,M,E,high school,standard,no,failed,49,failed,43,failed,35,math/reading,summer school,42.33
671,F,D,master,standard,no,passed,75,passed,84,passed,86,good standing,good standing,81.67
672,F,C,no high school,reduced,no,failed,34,failed,47,failed,45,math/reading,summer school,42.0
673,F,B,associate,reduced,no,failed,53,passed,70,passed,69,math,summer school,64.0
674,M,B,master,standard,no,passed,63,failed,56,passed,60,reading,summer school,59.67
675,M,C,associate,standard,no,passed,75,passed,69,passed,65,good standing,good standing,69.67
676,M,E,associate,reduced,no,passed,63,passed,61,passed,62,good standing,good standing,62.0
677,F,C,high school,standard,no,passed,70,passed,72,passed,75,good standing,good standing,72.33
678,F,C,high school,standard,no,passed,61,passed,73,passed,70,good standing,good standing,68.0
679,M,C,associate,standard,no,passed,74,passed,61,failed,59,writing,summer school,64.67
680,M,D,associate,reduced,no,failed,57,failed,49,failed,48,math/reading,summer school,51.33
681,M,C,no high school,reduced,yes,failed,41,failed,52,failed,47,math/reading,summer school,46.67
682,M,D,no high school,standard,no,passed,87,passed,80,passed,76,good standing,good standing,81.0
683,M,C,high school,reduced,no,passed,69,passed,71,passed,62,good standing,good standing,67.33
684,M,C,associate,reduced,no,passed,69,passed,77,passed,70,good standing,good standing,72.0
685,M,D,high school,standard,yes,failed,58,failed,56,failed,56,math/reading,summer school,56.67
686,F,B,high school,reduced,yes,failed,47,passed,69,passed,62,math,summer school,59.33
687,M,D,associate,standard,yes,passed,78,passed,69,passed,71,good standing,good standing,72.67
688,F,B,high school,reduced,yes,failed,54,passed,61,passed,71,math,summer school,62.0
689,M,C,high school,reduced,no,failed,36,failed,27,failed,26,math/reading,summer school,29.67
690,M,B,bachelor,standard,yes,passed,94,passed,92,passed,92,good standing,good standing,92.67
691,F,D,associate,reduced,no,passed,68,passed,84,passed,80,good standing,good standing,77.33
692,F,E,high school,standard,no,passed,90,passed,88,passed,84,good standing,good standing,87.33
693,M,A,high school,standard,no,failed,57,failed,57,failed,53,math/reading,summer school,55.67
694,M,D,high school,standard,yes,passed,96,passed,95,passed,90,good standing,good standing,93.67
695,M,B,no high school,standard,yes,passed,68,passed,63,passed,62,good standing,good standing,64.33
696,F,C,no high school,standard,yes,failed,52,passed,64,passed,63,math,summer school,59.67
697,M,E,associate,standard,no,passed,90,passed,76,passed,73,good standing,good standing,79.67
698,M,C,high school,reduced,yes,passed,71,passed,82,passed,75,good standing,good standing,76.0
699,F,C,high school,reduced,yes,failed,58,passed,69,passed,74,math,summer school,67.0
700,M,C,no high school,reduced,no,failed,41,failed,39,failed,34,math/reading,summer school,38.0
701,M,D,no high school,standard,yes,failed,43,failed,37,failed,43,math/reading,summer school,41.0
702,M,D,high school,standard,no,passed,85,passed,70,passed,71,good standing,good standing,75.33
703,M,B,no high school,standard,no,passed,71,passed,72,passed,69,good standing,good standing,70.67
704,F,A,high school,standard,no,passed,72,passed,70,passed,72,good standing,good standing,71.33
705,M,D,associate,reduced,no,passed,70,passed,62,passed,66,good standing,good standing,66.0
706,F,D,bachelor,standard,no,passed,89,passed,100,passed,100,good standing,good standing,96.33
707,F,E,high school,standard,no,passed,92,passed,86,passed,82,good standing,good standing,86.67
708,M,E,high school,reduced,yes,passed,80,passed,79,passed,81,good standing,good standing,80.0
709,M,C,no high school,standard,no,passed,80,passed,70,passed,60,good standing,good standing,70.0
710,F,B,high school,standard,no,failed,56,passed,64,failed,59,math/writing,summer school,59.67
711,M,E,high school,reduced,no,passed,93,passed,86,passed,73,good standing,good standing,84.0
712,M,C,associate,reduced,yes,failed,49,failed,37,failed,41,math/reading,summer school,42.33
713,F,E,master,standard,no,failed,59,failed,57,failed,58,math/reading,summer school,58.0
714,F,C,no high school,standard,yes,passed,64,passed,74,passed,75,good standing,good standing,71.0
715,M,D,no high school,standard,no,passed,73,passed,66,failed,59,writing,summer school,66.0
716,F,B,high school,standard,yes,passed,82,passed,86,passed,90,good standing,good standing,86.0
717,M,D,high school,reduced,no,failed,48,failed,43,failed,41,math/reading,summer school,44.0
718,F,A,no high school,reduced,yes,failed,51,passed,64,passed,62,math,summer school,59.0
719,F,E,no high school,reduced,yes,failed,38,failed,46,failed,43,math/reading,summer school,42.33
720,M,B,high school,reduced,no,failed,45,failed,50,failed,42,math/reading,summer school,45.67
721,F,A,high school,standard,yes,passed,83,passed,92,passed,95,good standing,good standing,90.0
722,F,B,no high school,standard,yes,failed,45,failed,57,failed,56,math/reading,summer school,52.67
723,M,D,high school,reduced,no,passed,66,passed,64,passed,62,good standing,good standing,64.0
724,M,D,high school,reduced,yes,passed,60,passed,62,failed,57,writing,summer school,59.67
725,M,C,associate,standard,no,failed,49,failed,47,failed,49,math/reading,summer school,48.33
726,M,D,bachelor,standard,no,passed,80,passed,84,passed,86,good standing,good standing,83.33
727,M,E,high school,standard,no,passed,75,passed,68,passed,66,good standing,good standing,69.67
728,M,B,high school,reduced,yes,failed,57,passed,68,passed,61,math,summer school,62.0
729,F,B,no high school,reduced,no,failed,25,failed,36,failed,37,math/reading,summer school,32.67
730,M,E,high school,reduced,no,passed,90,passed,87,passed,81,good standing,good standing,86.0
731,F,D,high school,standard,no,passed,63,passed,70,passed,71,good standing,good standing,68.0
732,M,E,associate,standard,no,passed,100,passed,91,passed,86,good standing,good standing,92.33
733,M,C,associate,reduced,no,passed,76,passed,68,passed,66,good standing,good standing,70.0
734,F,B,no high school,reduced,no,failed,52,failed,58,failed,53,math/reading,summer school,54.33
735,F,B,master,standard,yes,passed,81,passed,86,passed,93,good standing,good standing,86.67
736,M,C,associate,standard,yes,passed,90,passed,89,passed,87,good standing,good standing,88.67
737,M,D,associate,standard,no,passed,83,passed,82,passed,81,good standing,good standing,82.0
738,F,B,high school,standard,no,passed,61,passed,73,passed,69,good standing,good standing,67.67
739,F,E,associate,standard,yes,passed,79,passed,69,passed,75,good standing,good standing,74.33
740,M,B,high school,standard,no,failed,52,failed,53,failed,51,math/reading,summer school,52.0
741,F,B,bachelor,standard,yes,passed,62,passed,65,passed,67,good standing,good standing,64.67
742,F,D,high school,standard,no,passed,85,passed,90,passed,84,good standing,good standing,86.33
743,F,E,high school,reduced,yes,passed,74,passed,96,passed,95,good standing,good standing,88.33
744,M,C,associate,reduced,no,passed,83,passed,85,passed,78,good standing,good standing,82.0
745,M,C,high school,standard,no,passed,78,passed,72,passed,72,good standing,good standing,74.0
746,F,C,high school,reduced,no,failed,41,failed,43,failed,40,math/reading,summer school,41.33
747,F,A,high school,standard,no,passed,77,passed,91,passed,87,good standing,good standing,85.0
748,M,C,bachelor,standard,no,passed,95,passed,99,passed,91,good standing,good standing,95.0
749,F,B,high school,reduced,no,failed,50,passed,68,passed,66,math,summer school,61.33
750,M,C,high school,standard,no,passed,74,passed,76,passed,70,good standing,good standing,73.33
751,F,D,bachelor,standard,yes,passed,74,passed,93,passed,93,good standing,good standing,86.67
752,M,E,high school,standard,no,passed,70,passed,62,passed,61,good standing,good standing,64.33
753,M,D,associate,reduced,no,passed,61,failed,59,failed,54,reading/writing,summer school,58.0
754,F,A,master,standard,yes,passed,94,passed,100,passed,100,good standing,good standing,98.0
755,F,D,high school,standard,no,passed,66,passed,84,passed,77,good standing,good standing,75.67
756,F,D,master,standard,no,passed,83,passed,88,passed,93,good standing,good standing,88.0
757,M,D,high school,standard,no,passed,75,passed,63,passed,60,good standing,good standing,66.0
758,M,D,high school,reduced,yes,failed,56,passed,65,passed,63,math,summer school,61.33
759,F,B,high school,reduced,no,passed,66,passed,88,passed,83,good standing,good standing,79.0
760,F,B,high school,reduced,no,passed,61,passed,69,passed,66,good standing,good standing,65.33
761,M,C,no high school,standard,yes,passed,70,passed,79,passed,73,good standing,good standing,74.0
762,M,C,master,standard,no,failed,57,failed,59,failed,53,math/reading,summer school,56.33
763,F,C,associate,reduced,yes,passed,78,passed,89,passed,90,good standing,good standing,85.67
764,F,C,no high school,standard,no,passed,62,passed,76,passed,67,good standing,good standing,68.33
765,M,C,no high school,standard,yes,passed,64,failed,53,failed,49,reading/writing,summer school,55.33
766,F,B,high school,reduced,no,failed,55,passed,66,passed,65,math,summer school,62.0
767,F,D,high school,standard,no,passed,72,passed,83,passed,83,good standing,good standing,79.33
768,M,A,high school,reduced,no,failed,49,failed,48,failed,42,math/reading,summer school,46.33
769,F,D,high school,standard,no,passed,62,passed,60,passed,63,good standing,good standing,61.67
770,M,B,no high school,reduced,no,passed,76,passed,73,passed,68,good standing,good standing,72.33
771,F,C,master,standard,yes,passed,73,passed,86,passed,85,good standing,good standing,81.33
772,F,C,associate,standard,yes,passed,72,passed,76,passed,78,good standing,good standing,75.33
773,M,C,high school,standard,no,passed,85,passed,85,passed,76,good standing,good standing,82.0
774,M,A,high school,reduced,no,passed,71,passed,68,passed,65,good standing,good standing,68.0
775,F,C,no high school,reduced,no,failed,28,failed,38,failed,31,math/reading,summer school,32.33
776,M,C,high school,reduced,no,failed,41,failed,42,failed,38,math/reading,summer school,40.33
777,M,E,associate,standard,no,passed,78,passed,72,passed,68,good standing,good standing,72.67
778,M,C,master,reduced,no,failed,48,failed,52,failed,44,math/reading,summer school,48.0
779,M,C,associate,reduced,no,failed,38,failed,51,failed,47,math/reading,summer school,45.33
780,F,A,bachelor,standard,yes,passed,91,passed,100,passed,100,good standing,good standing,97.0
781,F,D,bachelor,standard,no,passed,71,passed,81,passed,80,good standing,good standing,77.33
782,F,D,bachelor,standard,no,passed,84,passed,87,passed,92,good standing,good standing,87.67
783,M,E,associate,reduced,yes,passed,63,passed,60,passed,63,good standing,good standing,62.0
784,F,A,associate,standard,yes,passed,70,passed,78,passed,87,good standing,good standing,78.33
785,M,B,bachelor,reduced,yes,failed,48,failed,52,failed,57,math/reading,summer school,52.33
786,M,D,no high school,standard,yes,passed,68,passed,72,passed,73,good standing,good standing,71.0
787,F,D,high school,standard,no,passed,84,passed,84,passed,87,good standing,good standing,85.0
788,M,D,high school,standard,no,passed,61,passed,62,passed,60,good standing,good standing,61.0
789,M,C,no high school,reduced,no,passed,62,failed,59,passed,62,reading,summer school,61.0
790,F,C,master,reduced,no,passed,66,passed,78,passed,83,good standing,good standing,75.67
791,F,C,high school,standard,yes,failed,52,passed,65,passed,71,math,summer school,62.67
792,F,D,high school,standard,yes,passed,68,passed,75,passed,73,good standing,good standing,72.0
793,M,D,high school,reduced,yes,passed,62,passed,68,passed,71,good standing,good standing,67.0
794,M,E,bachelor,standard,yes,passed,90,passed,88,passed,84,good standing,good standing,87.33
795,F,A,master,reduced,no,failed,42,failed,50,failed,44,math/reading,summer school,45.33
796,M,D,associate,reduced,yes,passed,74,passed,90,passed,89,good standing,good standing,84.33
797,M,B,associate,standard,yes,passed,62,passed,61,passed,61,good standing,good standing,61.33
798,M,C,high school,standard,no,failed,56,failed,55,failed,50,math/reading,summer school,53.67
799,M,C,high school,reduced,no,passed,64,failed,52,failed,54,reading/writing,summer school,56.67
800,M,D,high school,standard,yes,passed,79,passed,84,passed,80,good standing,good standing,81.0
801,F,C,no high school,standard,no,failed,44,passed,65,passed,63,math,summer school,57.33
802,F,B,high school,standard,yes,passed,69,passed,94,passed,87,good standing,good standing,83.33
803,M,A,high school,standard,no,failed,53,failed,48,failed,48,math/reading,summer school,49.67
804,M,C,high school,standard,no,passed,74,passed,69,passed,61,good standing,good standing,68.0
805,M,C,associate,standard,no,failed,49,failed,55,failed,48,math/reading,summer school,50.67
806,F,D,associate,reduced,no,failed,57,passed,71,passed,71,math,summer school,66.33
807,F,D,master,standard,no,passed,61,passed,72,passed,64,good standing,good standing,65.67
808,F,C,master,reduced,no,passed,65,passed,88,passed,84,good standing,good standing,79.0
809,F,C,high school,standard,no,failed,51,passed,60,failed,52,math/writing,summer school,54.33
810,F,C,no high school,standard,no,failed,49,failed,51,failed,41,math/reading,summer school,47.0
811,M,B,master,reduced,no,failed,56,passed,65,failed,56,math/writing,summer school,59.0
812,M,D,associate,standard,no,passed,65,passed,62,passed,63,good standing,good standing,63.33
813,M,D,high school,standard,no,passed,70,passed,64,passed,62,good standing,good standing,65.33
814,M,D,high school,standard,no,passed,91,passed,95,passed,88,good standing,good standing,91.33
815,F,D,high school,standard,yes,failed,48,failed,56,passed,64,math/reading,summer school,56.0
816,F,C,associate,standard,yes,passed,94,passed,99,passed,100,good standing,good standing,97.67
817,M,B,master,standard,no,passed,77,passed,76,passed,73,good standing,good standing,75.33
818,F,D,no high school,standard,no,failed,59,passed,78,passed,75,math,summer school,70.67
819,F,C,high school,reduced,no,failed,57,passed,75,passed,70,math,summer school,67.33
820,F,C,no high school,standard,no,passed,76,passed,82,passed,74,good standing,good standing,77.33
821,M,D,high school,standard,no,passed,65,passed,63,passed,64,good standing,good standing,64.0
822,F,B,master,standard,yes,passed,75,passed,75,passed,83,good standing,good standing,77.67
823,M,D,master,standard,no,passed,70,passed,66,passed,65,good standing,good standing,67.0
824,M,C,high school,standard,yes,passed,79,passed,79,passed,70,good standing,good standing,76.0
825,M,E,associate,standard,yes,passed,100,passed,100,passed,100,good standing,good standing,100.0
826,F,A,bachelor,standard,yes,passed,83,passed,96,passed,99,good standing,good standing,92.67
827,F,C,associate,reduced,no,passed,70,passed,84,passed,78,good standing,good standing,77.33
828,M,E,no high school,standard,yes,passed,97,passed,80,passed,88,good standing,good standing,88.33
829,F,E,high school,reduced,no,failed,33,failed,32,failed,35,math/reading,summer school,33.33
830,M,B,master,reduced,no,failed,38,failed,40,failed,41,math/reading,summer school,39.67
831,M,C,high school,standard,yes,failed,46,failed,51,failed,47,math/reading,summer school,48.0
832,F,D,high school,reduced,no,failed,13,failed,36,failed,37,math/reading,summer school,28.67
833,M,A,master,standard,no,passed,85,passed,83,passed,78,good standing,good standing,82.0
834,F,B,high school,standard,no,passed,79,passed,79,passed,80,good standing,good standing,79.33
835,F,B,no high school,standard,no,passed,76,passed,81,passed,79,good standing,good standing,78.67
836,F,C,no high school,reduced,yes,failed,53,passed,70,passed,65,math,summer school,62.67
837,M,A,high school,standard,yes,passed,68,passed,70,passed,63,good standing,good standing,67.0
838,M,D,associate,reduced,yes,passed,67,passed,70,passed,70,good standing,good standing,69.0
839,M,E,high school,standard,yes,passed,100,passed,84,passed,88,good standing,good standing,90.67
840,M,C,associate,reduced,no,failed,54,failed,48,failed,45,math/reading,summer school,49.0
841,F,E,associate,reduced,no,passed,72,passed,73,passed,70,good standing,good standing,71.67
842,M,A,high school,standard,yes,passed,91,passed,97,passed,95,good standing,good standing,94.33
843,M,D,master,standard,yes,passed,87,passed,81,passed,86,good standing,good standing,84.67
844,F,D,associate,reduced,no,passed,66,passed,75,passed,74,good standing,good standing,71.67
845,M,C,no high school,standard,no,passed,65,passed,66,passed,64,good standing,good standing,65.0
846,F,E,associate,reduced,yes,failed,41,failed,56,failed,53,math/reading,summer school,50.0
847,F,C,associate,standard,no,passed,67,passed,69,passed,65,good standing,good standing,67.0
848,M,E,high school,standard,no,passed,94,passed,89,passed,86,good standing,good standing,89.67
849,F,B,bachelor,reduced,yes,failed,57,passed,70,passed,68,math,summer school,65.0
850,M,A,high school,standard,no,passed,89,passed,83,passed,80,good standing,good standing,84.0
851,M,A,associate,standard,yes,passed,77,passed,73,passed,80,good standing,good standing,76.67
852,M,C,no high school,standard,no,failed,57,passed,60,failed,50,math/writing,summer school,55.67
853,M,D,high school,standard,yes,passed,72,passed,72,passed,72,good standing,good standing,72.0
854,M,D,bachelor,standard,yes,passed,98,passed,94,passed,95,good standing,good standing,95.67
855,F,D,master,standard,no,passed,87,passed,97,passed,100,good standing,good standing,94.67
856,M,C,no high school,reduced,no,passed,61,failed,57,failed,55,reading/writing,summer school,57.67
857,F,C,master,standard,no,passed,85,passed,100,passed,97,good standing,good standing,94.0
858,F,D,no high school,standard,no,passed,81,passed,85,passed,91,good standing,good standing,85.67
859,F,D,high school,standard,yes,passed,74,passed,84,passed,79,good standing,good standing,79.0
860,M,C,bachelor,standard,no,passed,98,passed,92,passed,90,good standing,good standing,93.33
861,F,D,high school,standard,no,passed,86,passed,84,passed,89,good standing,good standing,86.33
862,M,C,bachelor,standard,yes,passed,85,passed,81,passed,82,good standing,good standing,82.67
863,M,C,high school,standard,no,passed,68,passed,71,passed,63,good standing,good standing,67.33
864,F,E,high school,reduced,yes,passed,66,passed,78,passed,77,good standing,good standing,73.67
865,M,B,no high school,reduced,yes,passed,75,passed,74,passed,71,good standing,good standing,73.33
866,M,C,bachelor,standard,no,passed,79,failed,57,failed,58,reading/writing,summer school,64.67
867,F,B,bachelor,reduced,no,failed,59,passed,85,passed,82,math,summer school,75.33
868,M,B,master,reduced,no,passed,60,passed,62,failed,58,writing,summer school,60.0
869,M,D,high school,standard,no,passed,69,passed,60,failed,54,writing,summer school,61.0
870,F,B,high school,reduced,no,failed,49,failed,54,failed,58,math/reading,summer school,53.67
871,M,D,high school,standard,no,passed,62,failed,44,failed,52,reading/writing,summer school,52.67
872,F,E,high school,reduced,yes,passed,70,passed,84,passed,83,good standing,good standing,79.0
873,M,D,bachelor,standard,no,passed,71,failed,57,passed,60,reading,summer school,62.67
874,M,C,bachelor,standard,no,passed,71,passed,69,passed,65,good standing,good standing,68.33
875,F,C,no high school,reduced,no,failed,50,failed,59,failed,54,math/reading,summer school,54.33
876,F,B,high school,standard,no,failed,52,failed,55,failed,57,math/reading,summer school,54.67
877,M,E,high school,reduced,yes,passed,75,passed,65,passed,66,good standing,good standing,68.67
878,F,C,bachelor,standard,no,failed,51,passed,64,passed,63,math,summer school,59.33
879,M,C,no high school,standard,no,passed,64,failed,48,failed,50,reading/writing,summer school,54.0
880,F,A,high school,reduced,yes,passed,65,passed,76,passed,72,good standing,good standing,71.0
881,M,B,master,standard,no,passed,99,passed,81,passed,87,good standing,good standing,89.0
882,F,B,associate,standard,no,passed,60,passed,62,failed,58,writing,summer school,60.0
883,F,B,high school,standard,no,passed,70,passed,78,passed,80,good standing,good standing,76.0
884,M,A,high school,standard,yes,passed,77,passed,76,passed,77,good standing,good standing,76.67
885,M,B,high school,reduced,no,failed,37,failed,28,failed,23,math/reading,summer school,29.33
886,M,E,associate,reduced,no,passed,73,passed,73,passed,61,good standing,good standing,69.0
887,F,B,associate,reduced,yes,failed,53,passed,74,passed,75,math,summer school,67.33
888,F,B,associate,standard,no,passed,67,failed,58,passed,62,reading,summer school,62.33
889,F,B,high school,reduced,no,passed,67,passed,79,passed,80,good standing,good standing,75.33
890,M,B,high school,reduced,no,failed,51,failed,57,failed,50,math/reading,summer school,52.67
891,M,D,high school,standard,yes,passed,64,passed,71,passed,70,good standing,good standing,68.33
892,M,E,high school,reduced,no,failed,55,failed,42,failed,43,math/reading,summer school,46.67
893,M,D,associate,reduced,yes,failed,55,failed,39,failed,51,math/reading,summer school,48.33
894,M,E,associate,standard,no,passed,86,passed,77,passed,78,good standing,good standing,80.33
895,F,B,master,standard,no,passed,71,passed,88,passed,85,good standing,good standing,81.33
896,M,C,high school,reduced,no,passed,71,passed,63,passed,64,good standing,good standing,66.0
897,F,C,no high school,reduced,no,failed,51,passed,67,passed,69,math,summer school,62.33
898,F,E,high school,standard,yes,passed,75,passed,76,passed,85,good standing,good standing,78.67
899,M,C,no high school,reduced,no,failed,45,failed,31,failed,27,math/reading,summer school,34.33
900,M,B,no high school,standard,no,failed,59,failed,54,failed,48,math/reading,summer school,53.67
901,F,E,high school,reduced,no,passed,64,passed,69,passed,68,good standing,good standing,67.0
902,M,A,high school,standard,yes,passed,78,passed,69,passed,73,good standing,good standing,73.33
903,M,D,high school,reduced,no,failed,59,passed,61,failed,58,math/writing,summer school,59.33
904,M,E,bachelor,reduced,no,passed,80,passed,70,passed,71,good standing,good standing,73.67
905,M,B,associate,standard,yes,passed,68,passed,82,passed,77,good standing,good standing,75.67
906,F,B,associate,standard,no,passed,77,passed,81,passed,79,good standing,good standing,79.0
907,M,C,high school,standard,no,passed,66,passed,67,passed,64,good standing,good standing,65.67
908,F,C,high school,reduced,yes,failed,26,failed,44,failed,46,math/reading,summer school,38.67
909,M,D,high school,standard,yes,passed,80,passed,66,passed,69,good standing,good standing,71.67
910,F,D,no high school,reduced,no,failed,48,passed,62,passed,61,math,summer school,57.0
911,F,A,associate,standard,no,failed,52,passed,64,failed,55,math/writing,summer school,57.0
912,F,D,master,reduced,no,failed,54,passed,64,passed,64,math,summer school,60.67
913,F,C,high school,standard,yes,failed,59,passed,68,passed,67,math,summer school,64.67
914,M,D,high school,standard,no,passed,77,passed,62,passed,65,good standing,good standing,68.0
915,F,B,high school,reduced,no,passed,64,passed,70,passed,69,good standing,good standing,67.67
916,M,D,high school,standard,no,passed,83,passed,72,passed,68,good standing,good standing,74.33
917,M,E,high school,reduced,no,passed,70,passed,73,passed,69,good standing,good standing,70.67
918,M,C,no high school,standard,no,passed,72,passed,68,passed,67,good standing,good standing,69.0
919,F,B,associate,standard,no,passed,83,passed,78,passed,79,good standing,good standing,80.0
920,F,B,associate,standard,no,failed,52,failed,58,failed,57,math/reading,summer school,55.67
921,F,C,high school,reduced,yes,failed,53,passed,73,passed,74,math,summer school,66.67
922,M,D,high school,standard,no,failed,55,failed,55,failed,55,math/reading,summer school,55.0
923,M,C,associate,standard,no,passed,65,passed,63,passed,61,good standing,good standing,63.0
924,F,E,no high school,standard,no,passed,60,passed,67,passed,64,good standing,good standing,63.67
925,M,E,high school,reduced,yes,passed,64,passed,62,failed,59,writing,summer school,61.67
926,M,C,associate,standard,no,passed,71,passed,72,passed,69,good standing,good standing,70.67
927,M,C,bachelor,reduced,yes,passed,61,passed,71,passed,65,good standing,good standing,65.67
928,M,D,associate,standard,no,passed,61,failed,55,failed,58,reading/writing,summer school,58.0
929,F,C,master,standard,no,passed,65,passed,74,passed,79,good standing,good standing,72.67
930,F,D,no high school,standard,yes,passed,71,passed,83,passed,89,good standing,good standing,81.0
931,M,E,associate,reduced,no,failed,48,failed,49,failed,44,math/reading,summer school,47.0
932,M,E,high school,reduced,yes,passed,75,passed,80,passed,75,good standing,good standing,76.67
933,M,D,associate,reduced,no,failed,54,passed,66,passed,65,math,summer school,61.67
934,F,C,master,standard,no,passed,70,passed,64,passed,65,good standing,good standing,66.33
935,M,D,no high school,standard,no,passed,91,passed,77,passed,72,good standing,good standing,80.0
936,F,D,no high school,standard,yes,failed,33,failed,44,failed,50,math/reading,summer school,42.33
937,F,B,high school,standard,no,failed,45,failed,50,failed,41,math/reading,summer school,45.33
938,M,A,high school,reduced,no,failed,45,failed,33,failed,32,math/reading,summer school,36.67
939,M,D,bachelor,reduced,no,passed,62,passed,61,failed,57,writing,summer school,60.0
940,M,E,associate,reduced,yes,passed,92,passed,79,passed,77,good standing,good standing,82.67
941,F,D,high school,standard,no,passed,74,passed,75,passed,79,good standing,good standing,76.0
942,F,C,high school,standard,yes,passed,81,passed,79,passed,83,good standing,good standing,81.0
943,M,C,associate,reduced,no,passed,76,passed,71,passed,66,good standing,good standing,71.0
944,F,C,associate,standard,yes,failed,57,passed,72,passed,73,math,summer school,67.33
945,M,A,high school,reduced,no,passed,63,passed,61,failed,55,writing,summer school,59.67
946,F,D,high school,standard,yes,failed,57,passed,62,passed,73,math,summer school,64.0
947,F,B,high school,standard,yes,failed,46,passed,65,passed,64,math,summer school,58.33
948,M,E,no high school,reduced,yes,failed,49,failed,50,failed,45,math/reading,summer school,48.0
949,F,D,no high school,standard,no,failed,54,passed,60,passed,65,math,summer school,59.67
950,M,C,no high school,standard,yes,passed,89,passed,87,passed,90,good standing,good standing,88.67
951,M,D,bachelor,standard,yes,passed,77,passed,70,passed,78,good standing,good standing,75.0
952,F,C,bachelor,standard,no,failed,46,passed,63,passed,60,math,summer school,56.33
953,M,B,associate,standard,yes,passed,66,failed,59,passed,70,reading,summer school,65.0
954,F,C,high school,standard,no,failed,48,passed,63,failed,53,math/writing,summer school,54.67
955,M,D,associate,standard,yes,passed,83,passed,76,passed,81,good standing,good standing,80.0
956,M,C,high school,standard,yes,passed,69,passed,75,passed,74,good standing,good standing,72.67
957,M,E,bachelor,reduced,no,passed,73,failed,52,failed,54,reading/writing,summer school,59.67
958,F,D,high school,standard,no,failed,43,failed,59,failed,59,math/reading,summer school,53.67
959,M,D,master,standard,yes,passed,91,passed,84,passed,83,good standing,good standing,86.0
960,M,C,associate,standard,yes,failed,49,failed,58,failed,55,math/reading,summer school,54.0
961,M,B,master,standard,no,passed,87,passed,86,passed,84,good standing,good standing,85.67
962,M,B,no high school,standard,yes,failed,46,failed,46,failed,44,math/reading,summer school,45.33
963,F,D,no high school,standard,yes,passed,63,passed,61,passed,71,good standing,good standing,65.0
964,M,E,bachelor,standard,no,passed,100,passed,83,passed,86,good standing,good standing,89.67
965,F,E,bachelor,standard,no,passed,86,passed,87,passed,89,good standing,good standing,87.33
966,F,A,no high school,reduced,yes,failed,55,passed,73,passed,70,math,summer school,66.0
967,F,E,master,reduced,no,passed,84,passed,100,passed,99,good standing,good standing,94.33
968,F,B,no high school,reduced,no,failed,39,failed,51,failed,48,math/reading,summer school,46.0
969,M,B,high school,standard,no,passed,67,failed,57,failed,52,reading/writing,summer school,58.67
970,F,D,no high school,standard,yes,passed,85,passed,100,passed,97,good standing,good standing,94.0
971,M,C,no high school,standard,no,passed,64,failed,51,failed,44,reading/writing,summer school,53.0
972,F,E,associate,standard,no,passed,81,passed,77,passed,74,good standing,good standing,77.33
973,M,C,associate,standard,no,passed,78,passed,71,passed,67,good standing,good standing,72.0
974,F,B,no high school,standard,no,failed,59,failed,59,failed,58,math/reading,summer school,58.67
975,M,C,associate,standard,no,passed,74,passed,76,passed,70,good standing,good standing,73.33
976,F,B,high school,reduced,yes,failed,31,failed,29,failed,35,math/reading,summer school,31.67
977,F,C,no high school,reduced,yes,failed,54,failed,55,passed,65,math/reading,summer school,58.0
978,M,C,high school,reduced,no,failed,51,failed,51,failed,45,math/reading,summer school,49.0
979,F,B,bachelor,reduced,yes,failed,57,passed,65,passed,68,math,summer school,63.33
980,F,C,no high school,reduced,no,failed,39,failed,50,failed,49,math/reading,summer school,46.0
981,M,C,high school,standard,no,passed,64,failed,48,failed,48,reading/writing,summer school,53.33
982,M,C,master,reduced,yes,passed,69,passed,79,passed,72,good standing,good standing,73.33
983,M,A,no high school,standard,no,failed,58,failed,50,failed,47,math/reading,summer school,51.67
984,F,D,high school,standard,no,passed,63,passed,71,passed,75,good standing,good standing,69.67
985,M,E,associate,standard,no,passed,74,passed,73,passed,67,good standing,good standing,71.33
986,M,E,high school,reduced,no,passed,78,passed,84,passed,77,good standing,good standing,79.67
987,M,A,high school,standard,yes,passed,78,passed,78,passed,74,good standing,good standing,76.67
988,F,B,high school,standard,no,passed,75,passed,76,passed,81,good standing,good standing,77.33
989,M,D,high school,standard,yes,passed,70,passed,60,passed,65,good standing,good standing,65.0
990,M,D,high school,standard,no,passed,67,failed,55,failed,53,reading/writing,summer school,58.33
991,F,C,associate,standard,no,passed,87,passed,93,passed,88,good standing,good standing,89.33
992,M,C,high school,standard,no,passed,69,passed,63,passed,66,good standing,good standing,66.0
993,F,A,associate,standard,no,failed,58,failed,54,failed,58,math/reading,summer school,56.67
994,M,E,high school,reduced,yes,passed,86,passed,82,passed,75,good standing,good standing,81.0
995,M,C,high school,standard,no,passed,73,passed,70,passed,65,good standing,good standing,69.33
996,M,D,associate,reduced,yes,passed,85,passed,91,passed,92,good standing,good standing,89.33
997,F,C,no high school,reduced,no,failed,32,failed,35,failed,41,math/reading,summer school,36.0
998,F,C,high school,standard,no,passed,73,passed,74,passed,82,good standing,good standing,76.33
999,M,A,high school,standard,yes,passed,65,passed,60,passed,62,good standing,good standing,62.33
